id,question,category,stat,source,answer1Choice,answer2Choice,answer1Response,answer2Response,totalResponse
,Do you think the air you breathe is clean?,environmental,"According to a 2014 report by the American Lung Association, almost half o f the U.S. population lives in areas where air pollution levels are dangerously high.",http://riskfactor.com/,yes,no,,,
,"If you know you would not get caught cheating on your significant other, would you do it?",ethical,"According to a 2014 report in the Journal of Marital and Family Therapy, 74% of men and 68% of women say that they would have an affair if they knew they would never get caught.",http://riskfactor.com/,yes,no,,,
,Would you say you are living paycheck to paycheck?,financial,"According to Healthways.com, 70% of Americans are living paycheck to paycheck",http://riskfactor.com/,yes,no,,,
,"Who do you think is more likely to be a victim of a weather related fatality in the U.S., men or women?",healthandsafety,"In 2013, 306 ales were victims of weather related fatalities, compared to 125 females (71% to 29%, respectively)",http://riskfactor.com/,men,women,,,
,Would you every try stand-up paddleboarding (SUP)?,recreational,"In 2013 Outdoor Foundation report, the sport boasted the highest rate of first-time participation out of 42 activities surveyed. The median age for stand up paddling in 2013 was 28.",http://riskfactor.com/,yes,no,,,
,"Would you consider Austin a city that supports the lesbian, gay, bisexual and transgendet (LGBT) community?",socialandpolitical,"According to NerdWallet, Austin ranks 7th among the country's top 10 most LBGT-friendly cities",http://riskfactor.com/,yes,no,,,
,Do you believe you are at a high risk of getting the death penalty in Texas?,healthandsafety,2005-2010 California has had the highest death penalty given at 100,http://www.statisticbrain.com/states-with-the-death-penalty/,yes,no,,,
,Do you feel safe walking at night?,healthandsafety,United States       Women feel  62 %       Men feel  89 %,http://www.statisticbrain.com/fear-of-walking-alone-at-night-statistics/,yes,no,,,
,Are you at risk of a ticket for littering?,healthandsafety,Percent of people who have admitted to littering in the past 5 years        75%,,yes,no,,,
,Do you believe you are at risk of being raped? ,healthandsafety,"Lesotho     has a    91.6% rape per 100,000 compared to the USA which has a 28.6% ",,yes,no,,,
,If you knew would not get caught cheating on your significant other would you do it?,ethical,Men 74% Women 68% (http://www.statisticbrain.com/infidelity-statistics/),,yes,no,,,
,Is your relationship at risk if it's long distance? ,ethical,40% of relationships fail when changes are not made by each partner http://www.statisticbrain.com/long-distance-relationship-statistics/,,yes,no,,,
,Are you at risk of not getting call back from a job interview based on your overall attractiveness?,ethical,Percent chance an attractive person will receive a callback after an interview 72.32%,,yes,no,,,
,How likely are you to get married?,ethical,"If you live in the U.S., your chances of getting married before reaching age 40 are 86 percent if you're a woman, 81 percent if you're a man.",,86%,81%,,,
,Do you think most men watch porn online or on TV?,ethical,99% of men go online for their masturbation materials.,,Online,TV,,,
,Do you think men are more likely to pay for porn or watch free porn?,ethical,91% of men get their porn for free.,,pay ,watch for free,,,
,Do you think men watch porn on their smart phones?,ethical,14% of men watch porn on their smart phones.,,Yes,No,,,
,Do you think most men would watch porn right now if they could?,ethical,30% of men would watch porn right now if they could.,,Yes,no,,,
,How long do you think most men watch porn?,ethical,The average duration of a porn viewing session is 15 minutes or less.,,yes,no,,,
,Have you ever watched porn with your romantic partner?,ethical,26% of men have watched porn with their romantic partner.,,yes,no,,,
,Would you ever watch porn at a friend's house?,ethical,9% of men have viewed porn at a friend's place.,,yes,no,,,
,Do you think men who admit to having a porn addiction are likely to seek out professional help? ,ethical,16% of men think their porn habit is out of control but only 1 in 25 have sought professional help for their addiction.,,yes,no,,,
,Do you have a household budget?,financial,"According to Healthways.com, only 32% of American families have a household budget",,yes,no,,,
,Do you have a long-term plan for savings and investments?,financial,"According to Healthways.com, only 30% of Americans have a long-term plan for savings and investments.",,yes,no,,,
,"Do you have more than $25,000 in retirement savings?",financial,"According to Healthways.com, 55% of Americans have less than $25,000 in retirement savings – and 45% of these are over the age of 55.",,yes,no,,,
,Would you say that you are living paycheck-to-paycheck?,financial,"According to Healthways.com, 70% of Americans are living paycheck to paycheck.",,yes,no,,,
,Would you say that you spend more money than you make?,financial,"According to WalletHub, 19% of Americans spend more than they make.",,yes,no,,,
,"Approximately what percentage of your take-home pay do you spend on non-mortgage debt (such as credit cards, loans, etc.)?",financial,"According to Healthways.com, 24% of take-home pay is spent on non-mortgage debt, such as credit cards.",,50% 60%,80% 90%,,,
,Do you typically have enough money on hand to cover one mortgage/rent payment or to purchase one month of groceries?,financial,"According to Healthways.com, 64% of Americans don’t have enough cash on hand to cover one mortgage payment or to purchase one month of groceries for their families.",,yes,no,,,
,Do you believe Americans are starting their own businesses more today than they did five years ago?,financial,"Americans started 27 percent fewer businesses in 2011 than they did five years earlier, according to data from the Census Bureau. As a share of all companies, startups have been declining for more than 30 years.",,Today,5 years ago,,,
,Do you believe the cost of going to college is worth it?,financial,"According to a May 27, 2014 article in the New York Times: The pay gap between college graduates and everyone else reached a record high last year, according to the new data, which is based on an analysis of Labor Department statistics by the Economic Policy Institute in Washington. Americans with four-year college degrees made 98 percent more an hour on average in 2013 than people without a degree. That’s up from 89 percent five years earlier, 85 percent a decade earlier and 64 percent in the early 1980s.",,Yes,no,,,
,"Would you say that Texans, in general, have a lower or higher financial literacy than residents in other states?",financial,"According to a WalletHub study, Texas ranks 39th in the country in financial literacy, ranks 45th in financial planning and daily habits, and ranks 50th in percentage of unbanked households (12.8%).",,yes,no,,,
,Would you consider yourself above or below the median income in Texas?,financial,"According to the U.S. Census Bureau, the median household income in Texas from 2008-2012 was $51,563.",,above,below,,,
,Would you consider yourself above or below the median income in Austin?,financial,"According to the U.S. Census Bureau, the median household income in Austin from 2008-2012 was $52,431.",,above ,below,,,
,Do baggage fees impact the way you travel?,financial,Domestic Airlines cashed in about $2.5 Billion last year on baggage fees alone.,,yes,no,,,
,Do you think that the number of people living in poverty in the U.S. is higher or lower than 10% of the population?,financial,"According to the U.S. Census Bureau, in 2012, 46.5 million people (15% of the country) lived in poverty.",,higher,lower,,,
,Do you think that the number of children living in poverty in the U.S. is higher or lower than 20%?,socialandpolitical,"According to the U.S. Census Bureau, in 2012, 21.8% of all children lived in poverty—that’s over 1 in every 5 children.",,higher,lower,,,
,How many homeless children do you think there are in the U.S.?,socialandpolitical,"In 2012, the National Center on Family Homelessness analyzed state-level data and found that nationwide, 1.6 million children experience homelessness in a year. That's 1 in 45 children.",,1 million +,1 million -,,,
,Are there times when you are not sure where your next meal is coming from? Do worry about being able to provide enough food for you/your family?,financial,"In 2012, the USDA estimated that 14.5% (or 17.6 million) of US households were food insecure—meaning that they had difficulty at some time during the year providing enough food for all their members due to a lack of resources.",,,Worry ,not worrying ,,
,How do you think Texas compares to the rest of the country in terms of poverty (better/worse)?,financial,Texas ranks 40th in the country in poverty with 17.9% of the state's population living in poverty.,,,better,worse,,
,How do you think Texas compares to the rest of the country in terms of poverty (better/worse)?,financial,"Of the 100 counties in the U.S. with lowest per capita income, Texas ranks highest with 17 of the poorest counties on the list, followed by Kentucky with 16 and Mississippi with 14. There are 26 states that do not have any counties in the 100 poorest counties.",,,better,worse,,
,How do you think Travis County compares to the rest of Texas in terms of poverty (better/worse)?,financial,"Although Austin is commonly considered a thriving, prosperous city, Travis County actually has a poverty rate of 18%, slightly higher than the rest of the state as a whole. Williamson County (Round Rock), on the other hand, has a poverty rate of only 7.7%, the 2nd lowest in the state.",,,better,worse,,
,Do you think poverty is more of a problem in cities or in rural areas?,financial,"Although poverty is often perceived as a problem of urban environments and inner cities, the poverty rate in metropolitan areas (14.5%) is actually lower than the poverty rate in rural areas (17.7%).",,,cities,rural areas,,
,Are you more likely to be homeless as a man?,financial,Men are 44% more likely to be homeless ,,,yes,no,,
,Are you likely to get a Visa black card?,financial,Only 2% of people are approved for a black card ,,,yes,no,,
,Is it possible to live on a dollar a day?,financial,The country of Mali 72.8 % live on less than a dollar a day,,,yes,no,,
,Do you think it’s likely to get a hangover after consuming eight alcoholic drinks?,healthandsafety,"One in six U.S. adults binge drinks about four times a month, consuming about eight drinks per binge.",One in six Austinites,,,,,
,Do you think smoking cigarettes is risky for your health?,healthyandsafety,Likelihood of a hangover after binge drinking -- 79%,Smokers in Austin are at risk of lung cancer ,,,,,
,Do you think it’s risky not to wear a helmet while riding on motorcycle?,healthandsafety,19.0% of all U.S. adults are current smokers (2011).,,,yes,no,,
,Do you think it is dangerous to text while driving?,healthandsafety,"Risk of lung cancer is 15.9% for current male smokers (9.5% for women) (European study, similar for Canadians).",,,yes,no,,
,Do you text while driving?,healthandsafety,Motorcycle helmet use of 66% in 2011.,,,yes,no,,
,Do you binge drink more than 4 times per month? (8+ drinks),healthandsafety," 965 motorcycle injuries per 100,000 (.965%) registered motorcycles in 2011",140429 people,,,,,
,Do you smoke? ,healthandsafety,Risk goes up 23 times when texting.,,,yes,no,,
,Do you feel safe driving in Austin? ,healthandsafety,18% of people admit to texting and driving regularly.,,,yes,no,,
,Do you have unprotected sex?,healthandsafety,1 in 6 people ,,,yes,no,,
,Do you believe using a tanning bed is risky towards your health?,healthandsafety,"19% of US Adults (15.9% of those risk lung cancer for men, 9.5% for women)",,,yes,no,,
,Do you believe you are at greater risk of being a victim of violent crime in Austin compared to the rest of the country?,healthandsafety,16.13/100000 ,,,yes,no,,
,Do you believe you are safe in your neighborhood compared to other neighborhoods in Austin?,healthandsafety,Likelihood of pregnancy from a single unprotected sexual encounter (assuming woman is between 18 & 40)* -- 5% ,,,yes,no,,
,Do you believe you are at greater risk of being a victim of violent crime in Texas compared to the rest of the country?,healthandsafety,. 23% of people who use tanning beds 4 or more times a year are diagnosed with skin cancer ,,,yes,no,,
,Do you believe you are at greater risk of being a victim of violent crime in United States compared to other countries?,healthandsafety,"Austin has the third-lowest rate of violent crime among major U.S. cities but has a very high rate of property crime, according to 2011 FBI crime statistics. According to the latest FBI data, which ranks cities from best to worst in terms of crime, Austin has a rate of 430 violent crimes per 100,000 people, behind only San Jose, Calif., and San Diego. The data came from 33 cities that have more than 500,000 people.",,,,,,
,Do you believe you are a greater risk of getting cancer as man than a women?,healthandsafety,http://www.neighborhoodscout.com/tx/austin/crime/,,,,,,
,Do you think that you are at a greater risk of catching rabies from the Congress Ave bat colony?,healthandsafety,"According to the U.S. Census Bureau, Texas ranks 15th among all states, with 516 violent crimes per 100,000 people. South Carolina ranks 1st, with 766 per 100k.  Maine ranks 50th, with 116 per 100k. (Estimated number of violent crimes, which includes murder, forcible rape, robbery, and aggravated assault.)",,,yes,no,,
,Do you feel at more at risk of a victim of homicide as a man? ,healthandsafety,"According to the World Health Organization, in 2002, 5.4 out of every 100,000 Americans were killed by violence, a rate that makes the United States rank ninety-ninth in that category. Colombia ranked first, with 72.4 out of every 100,000 Colombians killed by violence.  However, according to the National Academy of Sciences, in 2008 the United States had a death-by-violence rate of 6.47 per 100,000 people. That is enough to make the United States rank first out of seventeen “high-income democracies” ranked in that category. The second-ranked country was Finland, with a death-by-violence rate of 2.24 per 100,000.",,,yes,no,,
,Do you feel at more at risk of a victim of homicide as a woman? ,healthandsafety,Men have a risk of developing cancer-43.92% and dying from 22.94% Women Developing-38% and dying 19.34%-http://www.cancer.org/cancer/cancerbasics/lifetime-probability-of-developing-or-dying-from-cancer,,,yes,no,,
,Do you drink coffee every day?,healthandsafety,0 Cases of rabies from bats in the last 10 years,,,yes,no,,
,Have you eaten pizza this month?,healthandsafety,77% of homicide victims are men (statisticbrain.com),,,yes,no,,
,Are you at risk of gluten sensitivity?,healthandsafety,22.9% of homicide victims are women (statisticbrain.com),,,yes,no,,
,Do you think Americans spend more or less time eating compared to other countries?,healthandsafety,54% of American adults drink coffee daily (statisticbrain.com),,,yes,no,,
,Do you think that traffic accidents are more or less likely on Friday the 13th?,healthandsafety,93% of Americans consume at least 1 piece of pizza per month (statisticbrain.com),,,yes,no,,
,Do you fear being hit by falling space chunk?,healthandsafety,Between 5% and 10% of all people may suffer from a gluten sensitivity of some form.,,,yes,no,,
,Do you fear being struck by lightning?,,"The Organization for Economic Cooperation and Development found that Americans spend 1 hour and 14 minutes eating each day. We're the third fastest eaters among those in the 34 countries studied. Turks, the slowest eaters, spend an average of 2 hours and 42 minutes eating per day. The French also take their time at the table, spending an average of 2 hours and 15 minutes there daily.",,,,,,
,Do you believe murders in the U.S. occur more often during winter or more often during summer?,healthandsafety,"In 1993, a group of medical researchers in Britain found that traffic accidents were 52 percent more likely to result in hospital-worthy injuries if they occurred on Friday the 13th than if they occurred on Friday the 6th. ",,,winter,summer,,
,Do you think weather related fatalities in the U.S. occur more during the winter or during the summer?,healthandsafety,"The European Space Agency's Orbital Debris Office calculated that there's a one-in-100-billion chance that you'll be severely injured by a falling piece of space junk this year. In the course of a 75-year lifetime, then, the odds you'll get hurt by falling space debris are a little less than one in 1 billion",,,winter,summer,,
,"Who do you think is more likely to be struck by lightning, men or women?",healthandsafety,"The odds of becoming a lightning victim in the U.S. in any one year is 1 in 700,000. The odds of being struck in your lifetime is 1 in 3,000.",,,men,women,,
,"Who do you think is more likely to be a victim of a weather related fatality, men or women?",healthandsafety,"In the US, murder is committed most frequently in August and least frequently in February.",,,men ,women,,
,To what extent do you worry about dying from overheating (hyperthermia)?,healthandsafety,"In 2013, there were a total of 70 weather related deaths in the winter and a total of 196 in the summer. The highest month was July with 107 deaths.  The lowest was March, with 12.",,,worry,not worried,,
,To what extent do you worry about children dying from overheating (hyperthermia) in vehicles?,healthandsafety,"In 2012, 28 people were killed by lightning strikes in the United States. Nearly 90% of lightning victims were males. A majority of victims were either outdoors in an open area, or taking part in an activity near the water such as fishing, tubing or swimming.",Texas leads the nation in total number of hyperthermia deaths of children in vehicles since 1998 with 86 reported deaths. Arkansas has only had 15 reported deaths in the same time span but leads the nation in deaths per capita.,,,,,
,To what extent do you worry about dying from exposure to excessive natural cold temperatures (hypothermia)?,healthandsafety,"In 2013, 306 males were victims of weather related fatalities compared to 125 females (68% to 28%, respectively).",,,worried,not worried,,
,Do you think men or women are more likely to die from exposure to excessive natural cold temperatures (hypothermia)?,healthandsafety,"According to the National Safety Council, the odds of a person in the U.S. dying from exposure to excessive natural heat are about 1 in 8,321.",,,men,women,,
,To what extent do you worry about dying from unintentional poisoning by and exposure to noxious substances?,healthandsafety,"Since 1998 there have been at least 606 documented cases of heatstroke deaths of children in vehicles. Studies show that these incidents can occur on days with relatively mild (i.e., ~ 70 degrees F) temperatures and that vehicles can reach life-threatening temperatures very rapidly.",,,yes,no,,
,Do you think that obese females are more or less likely to have higher incomes? ,healthandsafety,"According to the Centers for Disease Control and Prevention, from 1999 to 2011, a total of 16,911 deaths in the United States, an average of 1,301 per year, were associated with exposure to excessive natural cold. ",,,yes,no,,
,Do you believe that you are more or less likely to be obese in hot/arid/humid climates in the United States?,healthandsafety,"According to the Centers for Disease Control and Prevention, approximately 67% of the hypothermia-related deaths between 1999 and 2011 were among males. ",,,yes, no,,
,Do you think that the worst natural disaster in US history occurred in Texas?,healthandsafety,"According to the National Safety Council, the odds of a person in the U.S. dying from unintentional poisoning by and exposure to noxious substances are about 1 in 119.",,,yes,no,,
,What percentage of Americans do you think visit the dentist at least once per year?,healthandsafety,Higher income women are less likely to be obese than low-income women (CDC.gov),,,50%,80%,,
,Do you think men or women are more likely to go to the dentist annually?,healthandsafety,Data shows obesity rates are generally higher in the southern states (CDC.gov),,,yes,no,,
,Do you think married adults or non- married adults are more likely to visit the dentist annually?,healthandsafety,"1900 Galveston, TX Hurricane killed an estimated 8,000 people. ",,,married,non-married,,
,"In the U.S., do you think annual dental visits are more common in the east or the west?",healthandsafety,"According to a 2013 Gallup-Health ways Well-Being Index survey, about one in three U.S. adults say they did not visit the dentist at some point in the past 12 months. ",,,east,west,,
,Do you believe dental habits improve with income?,healthandsafety,"According to a 2013 Gallup-Health ways Well-Being Index survey, 67.2% of women report visiting the dentist at least annually, while 62% of men report the same.",,,yes,no,,
,To what extent do you think race/ethnicity correlates to one's likelihood of going to the dentist?,healthandsafety,"According to a 2013 Gallup-Health ways Well-Being Index survey, marital status influences dental decisions, with those who are married much more likely to report visiting the dentist annually than those who are not married. ",,,correlates,does not correlate,,
,Do you believe using mobile technology for work makes your life more or less stressful?,healthandsafety,"According to a 2013 Gallup-Healthways Well-Being Index survey, 68.9% of adults living in the east have visited the dentist in the past year, while only 65.5% of adults living in the west have.",,,more stress,less stress,,
,Do you believe using mobile technology for work makes your life better or worse?,healthandsafety,"According to a 2013 Gallup-Healthways Well-Being Index survey, the most pronounced differences in dental habits are those across income groups. Those who earn $120,000 or more annually in household income are about twice as likely as those who earn less than $12,000 to say they visited the dentist in the past 12 months, 82.3% vs. 42.7%, respectively. ",,,better,worse,,
,Do you think males or females have a higher risk of dying from heat related causes?,healthandsafety,"According to a 2013 Gallup-Healthways Well-Being Index survey, among racial and ethnic groups, 55% of both blacks and Hispanics report visiting the dentist in the past year. Whites and Asians, in contrast, each are at about 70%, demonstrating that there is a notable racial and ethnic divide.",,,males,females,,
,Do you think males or females have a higher risk of dying from lightning related injuries?,healthandsafety,"According to a 2014 Gallup-Healthways Well-Being Index survey, U.S. workers who email for work and who spend more hours working remotely outside of normal working hours are more likely to experience a substantial amount of stress on any given day than workers who do not exhibit these behaviors. Nearly half of workers who ""frequently"" email for work outside of normal working hours report experiencing stress ""a lot of the day yesterday,"" compared with the 36% experiencing stress who never email for work.",,,males ,females,,
,Do you think you are at a higher risk of death/injury from tornados in Texas? ,healthandsafety,"In seeming contrast to the relationship between the use of mobile technology for work and its relationship to elevated daily stress, workers who email or work remotely outside of normal working hours also rate their lives better than their counterparts who do not.  63% of Americans who report checking emails outside of working hours ""Frequently"" and who report spending 7+ hours per week working remotely say that their lives are thriving (Gallup's classification based on the Cantril Self-Anchoring Striving Scale).",,,yes,no,,
,Do you think you are at a higher risk of death from weather related causes in Texas?,healthandsafety,2013: 63% of all heat related fatalities were men. (Men 70-79 are the highest risk) ,,,yes,no,,
,Do you think you have an above average risk of death from winter storms in Texas?,healthandsafety,2013: 73.91% of all lightning related deaths were men. (Men 50-59 are the highest risk),,,yes ,no,,
,Do you fear for your safety in your automobile during flooding events in Austin?,healthandsafety,"2013: 7 total deaths in Texas, third highest state behind OK (34) and IL(8)",,,yes,no,,
,"During a thunderstorm, do you think that lightning or wind is more fatal?",healthandsafety,"2013: 7% of all weather deaths in TX, 3.1% of all weather related injuries in TX (31 deaths/86 injuries) ",,,lightning ,wind,,
,What is the percent of teens who forget major details of close friends and relatives?,healthandsafety,"2013: Texas had second highest deaths in winter storms (4 total, only NY was higher) ",,,50%,80%,,
,What is the percent of people who forget their own birthdays from time to time?,healthandsafety,75% of flood fatalities in Austin are automobile related,,,30%,80%,,
,How many people are diagnosed with depression a year?,healthandsafety,"2012: A thunderstorm wind: 50 deaths, Lightning: 28 deaths - (Thunderstorm wind 332 injuries, lightning 139 injuries)",,,1000,1 million ,,
,How many women have fake breasts?,healthandsafety,25%,,,more than a million,less than a million ,,
,How likely will you to get a STD?,healthandsafety,7%,,,7%,more than 7%,,
,How many people have HPV?,healthandsafety,20% but 80% of people are untreated ,,,20%,more than 20%,,
,How many Americans are living with HIV?,healthandsafety,"It looks like it’s roughly 3% or anywhere from 250,000 to 340,000 women each year get breast implants.  I found several different articles that talk about the # of women that get breast implants each year, sources below the quote:",,,3%,more than 3%,,
,How many people suffer from excessive sweating?,healthandsafety, ,,,50%,more than 50%,,
,Do you think you are a heavy drinker? ,healthandsafety, ,,,yes,no,,
,Do you ever fear for your life from drinking? ,healthandsafety,Cosmo’s Boob Bible: 20 Surprising Facts About Your Set,,,yes ,no,,
,Do you think men or women have a higher chance of dying from drinking?,healthandsafety,"""8. Four million of them are fake. About two million women in the United States have breast implants, with 250,000 going under the knife each year. But if you think it’s mostly Jenna Jameson wannabes getting boob jobs, read on: The average age of a woman who gets implants is 34, and 90 percent do it after they have had kids. ""Most women increase two cup sizes,"" says Leroy Young, M.D., chair of the breast surgery committee of the American Society for Aesthetic Plastic Surgery. No, they’re not always happy with the results: Six percent of women who sport a fake set return for a size adjustment or to have them taken out altogether",,men,women,,,
,How many glasses of water do you drink per day?,healthandsafety,More than half of all people will have an STD/STI at some point in their lifetime. ,,3,5 or more,,,
,Do you worry about gun control?,healthandsafety,About 79 million Americans are currently infected with HPV. About 14 million people become newly infected each year. HPV is so common that most sexually-active men and women will get at least one type of HPV at some point in their lives.,,yes,no,,,
,Do you worry about poisonous spiders?,healthandsafety,1 and 6 people are living with HIV and may not know it,,yes,no,,,
,Do you consider beer hazardous to your health?,healthandsafety,"* Of this population, 50.8 percent (4.0 million) have axillary hyperhidrosis, or excessive sweating of the underarms",,yes,no,,,
,How many humans do you think have been killed by the most deadly species of spider in the world?,healthandsafety,"CDC says 8+ drinks per week for women is consider ""Heavy drinking"" , 14+ for men ",,more than 100,more than a 1000,,,
,Do you worry about some idiot opening the emergency exit door on an airplane midflight?,healthandsafety,"Age group 20-64, 88,000 people per year die from excessive drinking, that’s 1 in 10! ",,yes,no,,,
,Do you think there is any correlation between hair color and susceptibility to pain?,healthandsafety,"70%!!!! Are men. (70% of the 88,000)",,yes,no,,,
,How you gotten a tetanus shot in the last 10 years.,healthandsafety,"Everyone has heard the advice, ""Drink eight 8-ounce glasses of water a day."" That's about 1.9 liters, which isn't that different from the Institute of Medicine recommendations. Although the ""8 by 8"" rule isn't supported by hard evidence, it remains popular because it's easy to remember. Just keep in mind that the rule should be reframed as: ""Drink at least eight 8-ounce glasses of fluid a day,"" because all fluids count toward the daily total.",,yes,no,,,
,How much do you think your DNA can tell about your life span?,healthandsafety,More people are killed in the U.S. by firearms every year than have been lost in both the Iraq and Afghanistan wars since they started.,,a lot,not a lot,,,
,"Do you think that foods labels ""Natural"" are inherently better for you?",healthandsafety,"Annually, in the U.S., less than 7 people die from being bitten by a poisonous spider.",,yes,no,,,
,Do you count calories?,healthandsafety,"Every year, deer kill more people than bears, dogs, wolves, alligators, sharks, spiders, bees, wasps, scorpions, and snakes combined.",,yes,no,,,
,How much worse do you think pollution is on the highway compared to in the suburbs?,healthandsafety,"The Sydney Funnelweb spider, the most venomous spider in the world, has killed zero humans in the last 30 years.",,a lot,not a lot,,,
,Do you use your smartphone for work after 9:00 PM?,healthandsafety,Normal cabin pressurization holds emergency exit doors shut so tight that it's impossible for anyone to open one while the plane is in the air.,,yes,no,,,
,Do you think you are okay to drive after having just one or two drinks?,healthandsafety,"Redheads need 20% more painkillers. A University of Washington in Louisville study reported that natural redheads are more susceptible to pain and need more anesthesia when they go under the knife than do people with other hair colors. Scientists explained that redheads have a ""defective receptor"" for melanin, a pigment responsible for tanning. This same melanocortin-1 receptor cross-reacts with a related receptor on brain cells that influences pain sensitivity.",,yes,no,,,
,"Who do you think lives longer, Americans or Japanese?",healthandsafety,"According to the CDC, 36% of people age 19-49 have gone 10 years or longer since their last tetanus shot.",,Americans,Japanese,,,
,"Who do you think walks more, Americans or Japanese?",healthandsafety,"According to Human Genetics, DNA contributes 25% to determining your life span.",,Americans,Japanese,,,
,"Who do you think eats more seafood, Americans or Japanese?",healthandsafety,"According to a 2014 Harris Poll, 62% of adults think that the word ""Natural"" on a label means the food is healthier, even though the term is not FDA regulated.",,Americans,Japanese,,,
,How much time do you spend on average each day preparing meals?,healthandsafety,"According to Mobiquity, 53% of people were unpleasantly surprised by their calorie intake once they tracked it with an app.",,1 hour,more than an hour,,,
,Are you more or less likely to eat poorly on days when you consume alcohol?,healthandsafety,"According to Scott Fruin, an environmental health researcher at USC, air pollution on highways can be 10 times more than in the suburbs.",,likely,less likely,,,
,Do you think that marijuana should be legal?,healthandsafety,A University of Florida study found that managers who use their smartphones for work after 9:00 PM wake up groggy.,,yes,no,,,
,Do you worry about drug use among young adults in America?,healthandsafety,"According to a UC-San Diego study, people with a BAC of just .01% (well below the .08% legal limit) are 46% more likely to cause a crash than drivers who are totally sober.",,yes,no,,,
,Do you think the percentage of men in the U.S. who use marijuana is greater than or less than 10%?,healthandsafety,"The average Japanese person lives 85 years, which is 5 years longer than the average American.",,greater,less,,,
,Do you think marijuana use is more or less dangerous than alcohol use?,healthandsafety,"Japanese people average 7,321 steps daily, while American average 5,340.",,more,less,,,
,Do you consider marijuana a deadly drug?,healthandsafety,Japanese people eat more seafood per capita than Americans.,,yes,no,,,
,,healthandsafety,"On average, Japanese people spend about 40 minutes longer preparing their meals than Americans (about 99 min. daily preparing meals compared to Americans 58 min. daily).",,,,,,
,Do you think drowning deaths are more likely to occur when it is warmer outside?,healthandsafety,"According to a study in the American Journal of Clinical Nutrition, men eat more calories and make unhealthier food choices on days they drink alcohol.",,yes,no,,,
,"Who do you think is more likely to try to save someone who is drowning, men or women?",healthandsafety,"A 2013 Gallup survey found that 58% of Americans think that pot should be legal, up from 31% in the year 2000.",,men,women,,,
,Do you think pool and water drownings are on the rise or on the decline?,healthandsafety,A 2013 Gallup survey found that 2/3 of 18-29 year olds think pot should be legal.,,rise,decline,,,
,Do you think men or women are more likely to die from drowning?,healthandsafety,"According to the 2012 National Survey on Drug Use and Health, 9.6% of guys age 12 and older are current marijuana users, nearly twice the number of women.",,men,women,,,
,Do you think it is safer to swim in natural bodies of water or in swimming pools?,healthandsafety,"A lethal dose of alcohol is just ten times its effective dose - that is, 10 times the amount that makes you feel tipsy, which is usually two beers or shots - according to a 2004 study of recreational drugs in the journal Addiction. Cocaine is lethal at 15 times the effective dose, and marijuana's lethal dose is estimated to be 1000 times the effective dose.",,natural bodies,swimming pools,,,
,Do you take greater precautions swimming when there is no lifeguard on duty?,healthandsafety,"A 2014 French study determined that out of nearly 2,000 reports of serious weed abuse, only 9 people died.",,yes,no,,,
,Do you think you are safer swimming when a lifeguard is on duty?,healthandsafety,"According to the CDC, men ages 15-24 had almost 4,000 drowning deaths in natural water from the years 1999-2010.",,yes,no,,,
,Do you think it's important to take swimming lessons?,healthandsafety,"According to Plos One, there is a 67% rise in men's drowning risk when it's 86 degrees Fahrenheit outside or hotter.",,yes,no,,,
,Do you think people take greater risks with alcohol consumption when they are out on the lake?,healthandsafety,"According to Royal Life Saving Society Australia, among would-be rescuers who drown, 69% of them are men.",,yes,no,,,
,What percentage of drowning deaths do you think involve alcohol?,healthandsafety,"According to the CDC 2010, there was a 40% rise in pool and natural water drownings among men.",,less than 50%,more than 50%,,,
,"If the temperature was equal, which do you think would be more deadly, extremely cold air or extremely cold water?",healthandsafety,The CDC reports nearly four times as many men as women drown each year in the U.S.,,extremly cold air, extremely cold water,,,
,Do you typically have positive or negative thoughts when you hear emergency vehicle sirens?,healthandsafety,"According to the CDC mortality statistics, men are significantly more likely to swim in natural bodies of water (rivers, lakes, oceans, etc.), and natural bodies of water are three times more deadly than swimming pools.",,positive ,negative,,,
,Do you think that drinking an energy drink before running will increase your endurance?,healthandsafety,Data from the U.S. Lifesaving Association (USLA) shows that 5 out of 6 open water drownings occur on unguarded stretches of beach.,,increase,will do nothing,,,
,"When running, do you think it's better to land heal first or mid-foot or toe-first?",healthandsafety,"According to the USLA, the chances of drowning while protected by guards trained to USLA standards is less than 1 in 18 million.",,heal first,mid-foot or toe-first,,,
,Are you scared of jellyfish?,healthandsafety,"A Boston University survey found that even though 93% of men claim to know how to swim, only 53% had actually taken swimming lessons.",,yes,no,,,
,Do you worry about getting food poisoning?,healthandsafety,"The same study found that 33% of guys admitted to drinking on their most recent ""aquatic activity day,"" with the 16-25 year old portion averaging over 8 drinks.",,yes,no,,,
,Do you think you eat more when you are alone or when you are with friends?,healthandsafety,"A study, conducted over an 18 year period, published in the 2013 journal BMC Public Health found that nearly half of all male drowning death victims had some level of alcohol circulating in their system.",,alone,with friends,,,
,Do you think you eat more when you are alone or when you are out on a date?,healthandsafety,"Cold water syphons body heat 25 times faster than air of the same temperature. For every 2 degrees F drop in body temperature, you lose 5% of your maximal strength.",,alone ,on a date,,,
,Have you ever driven faster than 100 mph on the highway?,healthandsafety,,,yes,no,,,
,Are you afraid of heights?,healthandsafety,"According to the Journal of the International Society of Sports Nutrition, there is a zero percentage increase in one's endurance capacity after consuming a 16 oz. energy drink.",,yes,no,,,
,Would you go skydiving if someone of the opposite sex dared you?,healthandsafety,"According to a study in Medicine & Science in Sports & Exercise, rear-foot strikers use nearly 10% less energy than mid-foot and forefoot strikers do at the same speed.",,yes,no,,,
,Would you consider yourself the braver mate in a relationship?,healthandsafety,"Of the 2,000 known jellyfish species, only 70 cause serious harm to humans.",,braver,not the braver mate,,,
,,healthandsafety,"According to the CDC, every year one in six people contract a food-borne illness.",,,,,,
,Do you feel safe walking on the streets adjacent to traffic?,healthandsafety,UK research suggests that men consume almost 20% more calories when dining with same-sex friends than when dining solo. ,need # of traffic deaths per year in austin/RR metro area ,yes,no,,,
,Do you think men or women make up the majority of motorcycle related injuries? ,healthandsafety,"An Indiana University of Pennsylvania study found that men who dined with women purchased an average of 1,141 calories worth of food versus 900 calories when they ate with guys.",,men,women,,,
,Do you think it's safer to drive a motorcycle during the day or at night? ,healthandsafety,"According to Men's Health, 88% of guys say they have gone 100 mph or faster on the highway.",,day,night,,,
,Do you think motorcycle accidents occur more frequently during the week or on weekends?,healthandsafety,"According to Men's Health, 38% of guys admit that heights freak them out.",,week,weekends,,,
,Do you have a gun in your household? ,recreational,"According to Men's Health, 4 in 5 guys would overcome their phobia if a woman dared them to skydive.","328,605 (37% of population) ",yes, no,,,
,Do you think hang-gliding is risky?,recreational,"According to Men's Health, 45% of women say they're the braver mate.",,yes,no,,,
,Do you think you think it's safe to ride a bike in Austin? ,recreational,"An average bolt of lightning can soar to temperatures of approximately 50,000°F, five times hotter than the surface of the sun, and can contain as much as 200 million volts of electricity. A typical bolt is about 3 to 4 miles in length, but some have been measured as long as 90 miles, or as short as a few feet.",6 ppl year vs national average,yes,no,,,
,How many miles do you think the average soccer player runs per game?,recreational,14% of all traffic deaths in Austin/RR area are pedestrian (+65 years old and colored people highest risk),,a mile,more than a mile,,,
,Do you think more people run marathons or obstacle events?,recreational,Men comprise 85% of all motorcycle injuries. (http://www-nrd.nhtsa.dot.gov/Pubs/811149.PDF),,marathons,obstacle events,,,
,Would you try stand-up paddle-boarding?,recreational,60% of motorcycle accidents occur during the daytime. (http://www-nrd.nhtsa.dot.gov/Pubs/811149.PDF),,yes,no,,,
,Have you ever cheated on your significant other in Austin?,,55% of incidents occur during the week (http://www-nrd.nhtsa.dot.gov/Pubs/811149.PDF),,yes,no,,,
,Are you currently involved with your own startup? ,socialandpoltical,37% nationwide average ,50554,yes,no,,,
,Do you feel it is safe to canoe in Town Lake?,socialandpoltical,You have a .1786 chance of dying. ,,yes,no,,,
,Is it risky to drive without a seatbelt?,socialandpoltical,(1/140845) - average of 6 people per year in Austin ,,yes,no,,,
,Do you believe you are at risk in the work place?,socialandpoltical,Soccer players run about 7 miles every game.,,yes,no,,,
,Do you feel your computer is at risk of getting a virus?,socialandpoltical,"Last year, according to Outside Magazine, 2 million people entered obstacle events, which is 4 times the number who ran marathons.",,yes,no,,,
,Are you at risk of being in a car accident caused by uninsured motorists?,socialandpoltical,"In a 2013 Outdoor Foundation report, the sport boasted the highest rate of first-time participation out of 42 activities surveyed.",,yes,no,,,
,What do you think your chances are of nicking yourself while shaving as a man?,socialandpoltical,"Percent of marriages where one or both spouses admit to infidelity, either physical or emotional: 41%",,high,low,,,
,Do you think that the state of Texas comprises more than 10% of the land mass of the United States? ,socialandpoltical,Reports have said that 60-75% of couples who have experienced a betrayal stay together. ,,yes,no,,,
,Do you believe the state's cattle population is more or less than the population of people?,socialandpoltical,6% of adults (failure rate of 71%) ,,more,less,,,
,Do you feel that the population of Austin is generally more educated (Collegiate level and above)?,socialandpoltical,1/10000,http://www.usa.com/austin-tx-population-and-races--historical-education-level-data.htm,more,less,,,
,Are you at risk while using a vending machine?,socialandpoltical,"35,000 people die per year that don't wear their seatbelt CDC",,yes,no,,,
,Is it risky to chew on a ball point pen?,socialandpoltical,"What makes a job dangerous and potentially fatal? It can be any number of factors, including the type of work and where it's performed. Last year, as the Labor Department recently reported, 4,609 people lost their lives on the job, a rate equal to 3.5 deaths for every 100,000 full-time workers.",,yes,no,,,
,Are you at risk while sleeping on a pillow?,socialandpoltical,,,yes,no,,,
,"Would you consider Austin a city that supports the lesbian, gay, bisexual and transgender (LGBT) community?",socialandpoltical,"While the preliminary number is alarming, it is 2 percent less than 2010's tally, when 4,690 workplace fatalities were recorded. What's more, industries known for high fatality rates saw a downward trend in year-over-year deaths. http://jobs.aol.com/articles/2012/09/24/americas-10-most-dangerous-jobs/",,yes,no,,,
,"Austin is often considered to be ""a blue city surrounded by a red state"" for being fairly liberal and socially progressive. Would you consider Austin to be the only city in the state of Texas that supports the lesbian, gay, bisexual and transgender (LGBT) community?",socialandpoltical,40% (http://www.statisticbrain.com/credit-card-fraud-statistics/),,yes,no,,,
,Do you believe gun violence has gone up or down since 1990?,socialandpoltical,14.% (http://www.statisticbrain.com/car/),,up,down,,,
,What is the percent of women who experienced an attempted or completed rape,socialandpoltical,75% (http://www.statisticbrain.com/shaving-statistics/),,75%,more than 75%,,,
,What is the percent of rapes that are never reported to authorities?,socialandpoltical,"Texas includes 267,339 square miles, or 7.4% of the nation's total area. (http://www.50states.com/facts/texas.htm)",,80%,less than 80%,,,
,What is the percent of college rapes that are never reported to authorities,socialandpoltical,Cattle population is estimated to be near 16 Million. State Population as of 2014 is roughly 25 Million (http://www.50states.com/facts/texas.htm),,80%,more than 80%,,,
,How many women will face domestic abuse in their lifetime?,socialandpoltical,"28.18% of Population has Bachelor Degree's (17.51 % Texas, 17.88% US). 16.60% of the population has Master, doctorate, or Professional Degrees (8.75% Texas, 10.61% US)",,more than 100,less than a 100,,,
,How many elevator accidents occur each year?,socialandpoltical,More than 10 people a year are killed by a vending machine.,,more than 101,less than a 101,,,
,How many immigrants have immigrated to the USA in the past 5 years?,socialandpoltical,"On average, 100 people choke to death on ballpoint pens every year",,more than million,less than a million,,,
,How many gay people are there in the United States?,socialandpoltical,"More than 6,000 people with pillow-related injuries check into U.S. emergency rooms every year.",,more than million,less than a million,,,
,Do you worry about global overpopulation?,socialandpoltical,"According to NerdWallet, Austin ranks 7th among the country's top 10 most LBGT-friendly cities",,yes,no,,,
,What is your favorite color?,socialandpoltical,"According to NerdWallet, although Austin ranks 7th among the country's top 10 most LBGT-friendly cities, Dallas also ranks in the top 20, coming in at 17th. In addition, Houston is the largest US city to have an openly gay mayor.",,blue,red,,,
,"Who do you think is better at remembering faces, men or women?",socialandpoltical,49% decline in gun violence since 1990. ,,men,women,,,
,"Who do you think is better at multi-tasking, men or women?",socialandpoltical,16%,,men,women,,,
,"Who do you think makes a better boss, a man or a woman?",socialandpoltical,60%,,yes,no,,,
,Do you think most men like dogs?,socialandpoltical,95%,,yes,no,,,
,"When you hear police sirens, do you ever have guilty ""they're coming for me!"" feelings?",socialandpoltical,One in 4 women will experience domestic violence during her lifetime or 25%,,yes,no,,,
,Do you think it is safe for your infant to sleep in bed with you (co-sleeping)? ,socialandpoltical,There are only about 30 to 40 fatal elevator accidents per year. Only 1 in 12 million elevator rides will result in any kind of mechanical failure and elevators are considered to be the safest form of transportation for human. There have been instances where an elevator suffered a serious malfunction and lead to the death of the people inside. One of the biggest tragedies is when someone falls down the elevator shaft. Most accidents in elevators are not fatal,,yes,no,,,
,"Do you think you can increase your penis size through diet, exercise or drugs?",socialandpoltical,"According to the Census Bureau's 2009 American Community Survey, the U.S. immigrant population was 38,517,234, or 12.5 percent of the total U.S. population. The number of foreign born living in the United States increased by 1.5 percent (about 556,000 people) between 2008 and 2009.",,yes,no,,,
,Do you think most women prefer a larger penis?,socialandpoltical,"The Williams Institute at the UCLA School of Law, a sexual orientation law and public policy think tank, estimates that 9 million (about 3.8%) of Americans identify as gay, lesbian, bisexual or transgender (2011). The institute also found that bisexuals make up 1.8% of the population, while 1.7% are gay or lesbian. Transgender adults make up 0.3% of the population. ",,yes,no,,,
,Do you think a taste for adventure is a must-have trait in a mate?,socialandpoltical,"With the population density of New York City, every human on earth, around 7 billion, could comfortably fit in the U.S. state of Texas.",,yes,no,,,
,Do you think there are a lot of sexual orientation-related hate crimes in Austin?,socialandpoltical,"According to ColorMatters.com, the most popular color in the world is blue.",,yes,no,,,
,Do you feel safe in Austin? ,healthandsafety,"According to a 2013 study in Psychological Science, women remember faces better than men do.",http://www.statisticbrain.com/littering-statistics/,yes,no,,,
,,,,http://www.statisticbrain.com/rape-statistics/,,,,,
,,,,,,,,,
,,,,,,,,,
,,,,http://www.statisticbrain.com/attractive-people-success-statistics/,,,,,
,,,,http://www.marieclaire.com/sex-love/dating-blog/signs-you-will-get-married,,,,,
,,,,"Men's Health, July/August 2014",,,,,
,,,,"Men's Health, July/August 2014",,,,,
,,,,"Men's Health, July/August 2014",,,,,
,,,,"Men's Health, July/August 2014",,,,,
,,,,"Men's Health, July/August 2014",,,,,
,,,,"Men's Health, July/August 2014",,,,,
,,,,"Men's Health, July/August 2014",,,,,
,,,,"Men's Health, July/August 2014",,,,,
,,,,http://www.healthways.com/solution/default.aspx?id=1148,,,,,
,,,,http://www.healthways.com/solution/default.aspx?id=1148,,,,,
,,,,http://www.healthways.com/solution/default.aspx?id=1148,,,,,
,,,,http://www.healthways.com/solution/default.aspx?id=1148,,,,,
,,,,http://wallethub.com/edu/most-and-least-financially-literate-states/3337/,,,,,
,,,,http://www.healthways.com/solution/default.aspx?id=1148,,,,,
,,,,http://www.healthways.com/solution/default.aspx?id=1148,,,,,
,,,,http://fivethirtyeight.com/features/the-slow-death-of-american-entrepreneurship/,,,,,
,,,,http://www.nytimes.com/2014/05/27/upshot/is-college-worth-it-clearly-new-data-say.html?hp&_r=0,,,,,
,,,,http://wallethub.com/edu/most-and-least-financially-literate-states/3337/,,,,,
,,,,http://quickfacts.census.gov/qfd/states/48/4805000.html,,,,,
,,,,http://quickfacts.census.gov/qfd/states/48/4805000.html,,,,,
,,,,"Men's Health, July/August 2014",,,,,
,,,,http://www.povertyusa.org/the-state-of-poverty/poverty-facts/,,,,,
,,,,http://www.povertyusa.org/the-state-of-poverty/poverty-facts/,,,,,
,,,,http://www.povertyusa.org/the-state-of-poverty/poverty-facts/,,,,,
,,,,http://www.povertyusa.org/the-state-of-poverty/poverty-facts/,,,,,
,,,,http://www.povertyusa.org/the-state-of-poverty/poverty-facts/,,,,,
,,,,http://en.wikipedia.org/wiki/List_of_lowest-income_counties_in_the_United_States,,,,,
,,,,http://www.povertyusa.org/the-state-of-poverty/poverty-facts/,,,,,
,,,,http://www.povertyusa.org/the-state-of-poverty/poverty-facts/,,,,,
,,,,http://www.statisticbrain.com/homelessness-stats/,,,,,
,,,,http://www.statisticbrain.com/population-living-on-less-than-1-per-day/,,,,,
,,,,http://www.statisticbrain.com/population-living-on-less-than-1-per-day/,,,,,
,,,,,,,,,
,,,,,,,,,
,,,,,,,,,
,,,,,,,,,
,,,,,,,,,
,,,,,,,,,
,,,,,,,,,
,,,,,,,,,
,,,,,,,,,
,,,,,,,,,
,,,,,,,,,
,,,,,,,,,
,,,,,,,,,
,,,,,,,,,
,,,,,,,,,
,,,,,,,,,
,,,,,,,,,
,,,,,,,,,
,,,,,,,,,
,,,,,,,,,
,,,,,,,,,
,,,,,,,,,
,,,,,,,,,
,,,,,,,,,
,,,,,,,,,
,,,,,,,,,
,,,,,,,,,
,,,,,,,,,
,,,,,,,,,
,,,,,,,,,
,,,,,,,,,
,,,,,,,,,
,,,,,,,,,
,,,,,,,,,
,,,,,,,,,
,,,,,,,,,
,,,,,,,,,
,,,,http://www.gallup.com/poll/168716/one-third-americans-haven-visited-dentist-past-year.aspx,,,,,
,,,,,,,,,
,,,,,,,,,
,,,,,,,,,
,,,,,,,,,
,,,,,,,,,
,,,,http://www.gallup.com/poll/168815/using-mobile-technology-work-linked-higher-stress.aspx,,,,,
,,,,,,,,,
,,,,http://www.nws.noaa.gov/om/hazstats/heat13.pdf,,,,,
,,,,http://www.nws.noaa.gov/om/hazstats/heat13.pdf,,,,,
,,,,http://www.nws.noaa.gov/om/hazstats/heat13.pdf,,,,,
,,,,http://www.nws.noaa.gov/om/hazstats/heat13.pdf,,,,,
,,,,http://www.nws.noaa.gov/om/hazstats/heat13.pdf,,,,,
,,,,http://www.austintexas.gov/department/disasters,,,,,
,,,,http://www.nws.noaa.gov/os/hazstats/sum12.pdf,,,,,
,,,,http://www.statisticbrain.com/attention-span-statistics/,,,,,
,,,,http://www.statisticbrain.com/attention-span-statistics/,,,,,
,,,,http://www.healthline.com/health/depression/statistics-infographic,,,,,
,,,,http://askville.amazon.com/percent-american-women-breast-implants/AnswerViewer.do?requestId=127495,,,,,
,,,,http://www.ashasexualhealth.org/std-sti/std-statistics.html,,,,,
,,,,http://www.cdc.gov/std/hpv/stdfact-hpv.htm,,,,,
,,,,http://aids.gov/hiv-aids-basics/hiv-aids-101/statistics/index.html,,,,,
,,,,http://www.sciencedaily.com/releases/2004/07/040728084348.htm,,,,,
,,,,"CDC report, found through CNN",,,,,
,,,,"CDC report, found through CNN",,,,,
,,,,"CDC report, found through CNN",,,,,
,,,,http://www.mayoclinic.org/healthy-living/nutrition-and-healthy-eating/in-depth/water/art-20044256,,,,,
,,,,http://www.cracked.com/photoplasty_625_25-real-facts-that-make-common-fears-way-less-scary/,,,,,
,,,,http://www.cracked.com/photoplasty_625_25-real-facts-that-make-common-fears-way-less-scary/,,,,,
,,,,http://www.cracked.com/photoplasty_625_25-real-facts-that-make-common-fears-way-less-scary/,,,,,
,,,,http://www.cracked.com/photoplasty_625_25-real-facts-that-make-common-fears-way-less-scary/,,,,,
,,,,http://www.cracked.com/photoplasty_625_25-real-facts-that-make-common-fears-way-less-scary/,,,,,
,,,,http://colormatters.com/fun-color-facts/factoids-part-2,,,,,
,,,,"Men's Health, July/August 2014",,,,,
,,,,"Men's Health, July/August 2014",,,,,
,,,,"Men's Health, July/August 2014",,,,,
,,,,"Men's Health, July/August 2014",,,,,
,,,,"Men's Health, July/August 2014",,,,,
,,,,"Men's Health, July/August 2014",,,,,
,,,,"Men's Health, July/August 2014",,,,,
,,,,"Men's Health, July/August 2014",,,,,
,,,,"Men's Health, July/August 2014",,,,,
,,,,"Men's Health, July/August 2014",,,,,
,,,,"Men's Health, July/August 2014",,,,,
,,,,"Men's Health, July/August 2014",,,,,
,,,,"Men's Health, July/August 2014",,,,,
,,,,"Men's Health, July/August 2014",,,,,
,,,,"Men's Health, July/August 2014",,,,,
,,,,"Men's Health, July/August 2014",,,,,
,,,,"Men's Health, July/August 2014",,,,,
,,,,"Men's Health, July/August 2014",,,,,
,,,,"Men's Health, July/August 2014",,,,,
,,,,"Men's Health, July/August 2014",,,,,
,,,,"Men's Health, July/August 2014",,,,,
,,,,"Men's Health, July/August 2014",,,,,
,,,,"Men's Health, July/August 2014",,,,,
,,,,"Men's Health, July/August 2014",,,,,
,,,,"Men's Health, July/August 2014",,,,,
,,,,"Men's Health, July/August 2014",,,,,
,,,,"Men's Health, July/August 2014",,,,,
,,,,"Men's Health, July/August 2014",,,,,
,,,,"Men's Health, July/August 2014",,,,,
,,,,,,,,,
,,,,"Men's Health, June 2014",,,,,
,,,,"Men's Health, June 2014",,,,,
,,,,"Men's Health, June 2014",,,,,
,,,,"Men's Health, June 2014",,,,,
,,,,"Men's Health, June 2014",,,,,
,,,,"Men's Health, June 2014",,,,,
,,,,"Men's Health, June 2014",,,,,
,,,,"Men's Health, June 2014",,,,,
,,,,"Men's Health, June 2014",,,,,
,,,,"Men's Health, June 2014",,,,,
,,,,http://usatoday30.usatoday.com/weather/resources/askjack/archives-lighting-science.htm,,,,,
,,,,,,,,,
,,,,,,,,,
,,,,,,,,,
,,,,,,,,,
,,,,,,,,,
,,,,,,,,,
,,,,,,,,,
,,,,"Men's Health, July/August 2014",,,,,
,,,,"Outside Magazine, July 2014",,,,,
,,,,"Men's Health, June 2014",,,,,
,,,,,,,,,
,,,,,,,,,
,,,,,,,,,
,,,,,,,,,
,,,,,,,,,
,,,,,,,,,
,,,,,,,,,
,,,,,,,,,
,,,,,,,,,
,,,,,,,,,
,,,,,,,,,
,,,,http://www.statisticbrain.com/fun-facts/,,,,,
,,,,http://www.statisticbrain.com/fun-facts/,,,,,
,,,,http://www.statisticbrain.com/fun-facts/,,,,,
,,,,http://www.nerdwallet.com/blog/cities/most-lgbt-friendly-cities/,,,,,
,,,,http://www.nerdwallet.com/blog/cities/most-lgbt-friendly-cities/,,,,,
,,,,http://edition.cnn.com/2013/05/08/us/study-gun-homicide/,,,,,
,,,,http://www.statisticbrain.com/rape-statistics/,,,,,
,,,,http://www.statisticbrain.com/rape-statistics/,,,,,
,,,,http://www.statisticbrain.com/rape-statistics/,,,,,
,,,,http://www.safehorizon.org/index/what-we-do-2/domestic-violence--abuse-53/domestic-violence-statistics--facts-195.html,,,,,
,,,,http://www.ask.com/question/elevator-accidents,,,,,
,,,,http://www.migrationpolicy.org/article/frequently-requested-statistics-immigrants-and-immigration-united-states-1,,,,,
,,,,http://gaylife.about.com/od/comingout/a/population.htm,,,,,
,,,,http://www.cracked.com/photoplasty_625_25-real-facts-that-make-common-fears-way-less-scary/,,,,,
,,,,,,,,,
,,,,"Men's Health, July/August 2014",,,,,
,,,,"Men's Health, July/August 2014",,,,,
,,,,"Men's Health, July/August 2014",,,,,
,,,,"Men's Health, July/August 2014",,,,,
,,,,,,,,,
,,,,http://kxan.com/2014/06/30/co-sleeping-deaths-in-texas-on-pace-to-break-record/,,,,,
,,,,"Men's Health, June 2014",,,,,
,,,,"Men's Health, June 2014",,,,,
,,,,"Men's Health, June 2014",,,,,
,,,,http://www.nerdwallet.com/blog/cities/most-lgbt-friendly-cities/,,,,,
